timestamp,utilization.gpu,utilization.memory,memory.used,temperature.gpu,power.draw,clocks.sm,pstate
2026/09/06 17:46:25.773, 7 %, 25 %, 9163 MiB, 38, 13.87 W, 210 MHz, P8
2026/09/06 17:46:27.828, 5 %, 18 %, 9162 MiB, 38, 14.00 W, 210 MHz, P8
2026/09/06 17:46:29.884, 4 %, 41 %, 9164 MiB, 38, 14.26 W, 210 MHz, P8
2026/09/06 17:46:31.938, 4 %, 24 %, 9175 MiB, 38, 14.44 W, 210 MHz, P8
2026/09/06 17:46:33.994, 3 %, 42 %, 9161 MiB, 37, 14.09 W, 210 MHz, P8
2026/09/06 17:46:36.054, 5 %, 23 %, 9161 MiB, 37, 14.78 W, 210 MHz, P8
2026/09/06 17:46:41.688, 3 %, 28 %, 9160 MiB, 37, 13.96 W, 210 MHz, P8
2026/09/06 17:46:43.749, 7 %, 16 %, 9152 MiB, 37, 14.81 W, 210 MHz, P8
2026/09/06 17:46:45.806, 2 %, 31 %, 9163 MiB, 37, 13.89 W, 210 MHz, P8
2026/09/06 17:46:47.858, 7 %, 18 %, 9158 MiB, 37, 14.33 W, 210 MHz, P8
2026/09/06 17:46:49.911, 3 %, 21 %, 9156 MiB, 37, 14.25 W, 210 MHz, P8
2026/09/06 17:46:51.970, 4 %, 22 %, 9165 MiB, 37, 14.11 W, 210 MHz, P8
2026/09/06 17:46:54.023, 8 %, 18 %, 9155 MiB, 37, 13.87 W, 210 MHz, P8
2026/09/06 17:46:56.075, 4 %, 23 %, 9148 MiB, 37, 13.65 W, 210 MHz, P8
2026/09/06 17:46:58.128, 5 %, 31 %, 9135 MiB, 37, 14.16 W, 210 MHz, P8
2026/09/06 17:47:00.179, 4 %, 27 %, 9136 MiB, 37, 14.13 W, 210 MHz, P8
2026/09/06 17:47:02.234, 5 %, 33 %, 9134 MiB, 37, 14.55 W, 210 MHz, P8
2026/09/06 17:47:04.286, 7 %, 25 %, 9136 MiB, 37, 13.94 W, 210 MHz, P8
2026/09/06 17:47:06.336, 6 %, 30 %, 9134 MiB, 37, 14.86 W, 210 MHz, P8
2026/09/06 17:47:08.395, 3 %, 22 %, 9136 MiB, 37, 14.02 W, 210 MHz, P8
2026/09/06 17:47:10.446, 6 %, 24 %, 9134 MiB, 37, 14.19 W, 210 MHz, P8
2026/09/06 17:47:12.500, 6 %, 21 %, 9136 MiB, 37, 13.81 W, 210 MHz, P8
2026/09/06 17:47:18.158, 7 %, 22 %, 9134 MiB, 37, 14.33 W, 210 MHz, P8
2026/09/06 17:47:20.213, 7 %, 21 %, 9136 MiB, 37, 14.61 W, 210 MHz, P8
2026/09/06 17:47:22.264, 3 %, 33 %, 9135 MiB, 37, 14.24 W, 210 MHz, P8
2026/09/06 17:47:24.315, 3 %, 20 %, 9151 MiB, 37, 14.82 W, 210 MHz, P8
2026/09/06 17:47:26.371, 3 %, 34 %, 9148 MiB, 37, 13.94 W, 210 MHz, P8
2026/09/06 17:47:28.427, 5 %, 29 %, 9149 MiB, 37, 14.39 W, 210 MHz, P8
2026/09/06 17:47:30.481, 5 %, 19 %, 9138 MiB, 37, 14.38 W, 210 MHz, P8
2026/09/06 17:47:32.536, 5 %, 27 %, 9131 MiB, 37, 14.93 W, 210 MHz, P8
2026/09/06 17:47:34.590, 5 %, 33 %, 9135 MiB, 37, 14.36 W, 210 MHz, P8
2026/09/06 17:47:36.651, 6 %, 17 %, 9128 MiB, 37, 14.72 W, 210 MHz, P8
2026/09/06 17:47:38.707, 10 %, 14 %, 9133 MiB, 37, 13.95 W, 210 MHz, P8
2026/09/06 17:47:40.762, 5 %, 23 %, 9132 MiB, 37, 14.02 W, 210 MHz, P8
2026/09/06 17:47:42.818, 1 %, 26 %, 9143 MiB, 37, 13.56 W, 210 MHz, P8
2026/09/06 17:47:44.870, 2 %, 35 %, 9137 MiB, 37, 13.64 W, 210 MHz, P8
2026/09/06 17:47:46.921, 1 %, 39 %, 9128 MiB, 37, 13.81 W, 210 MHz, P8
2026/09/06 17:47:48.974, 5 %, 24 %, 9119 MiB, 37, 13.21 W, 210 MHz, P8
2026/09/06 17:47:54.597, 3 %, 46 %, 9118 MiB, 37, 13.41 W, 210 MHz, P8
2026/09/06 17:47:56.656, 4 %, 23 %, 9119 MiB, 37, 13.82 W, 210 MHz, P8
2026/09/06 17:47:58.712, 2 %, 41 %, 9119 MiB, 37, 13.24 W, 210 MHz, P8
2026/09/06 17:48:00.766, 6 %, 17 %, 9119 MiB, 37, 13.94 W, 210 MHz, P8
2026/09/06 17:48:02.819, 2 %, 21 %, 9119 MiB, 37, 13.70 W, 210 MHz, P8
2026/09/06 17:48:04.873, 1 %, 45 %, 9119 MiB, 37, 13.48 W, 210 MHz, P8
2026/09/06 17:48:06.925, 2 %, 42 %, 9119 MiB, 37, 13.14 W, 210 MHz, P8
2026/09/06 17:48:08.979, 2 %, 25 %, 9117 MiB, 37, 13.38 W, 210 MHz, P8
2026/09/06 17:48:11.031, 5 %, 43 %, 9119 MiB, 37, 13.27 W, 210 MHz, P8
2026/09/06 17:48:13.084, 3 %, 40 %, 9117 MiB, 37, 14.03 W, 210 MHz, P8
2026/09/06 17:48:15.138, 4 %, 28 %, 9119 MiB, 37, 13.47 W, 210 MHz, P8
2026/09/06 17:48:17.194, 2 %, 19 %, 9118 MiB, 37, 13.80 W, 210 MHz, P8
2026/09/06 17:48:19.247, 1 %, 29 %, 9118 MiB, 37, 13.52 W, 210 MHz, P8
2026/09/06 17:48:21.301, 5 %, 42 %, 9118 MiB, 37, 13.87 W, 210 MHz, P8
2026/09/06 17:48:23.355, 1 %, 11 %, 9118 MiB, 37, 13.45 W, 210 MHz, P8
2026/09/06 17:48:25.407, 3 %, 41 %, 9118 MiB, 37, 13.53 W, 210 MHz, P8
2026/09/06 17:48:31.045, 2 %, 48 %, 9117 MiB, 37, 13.45 W, 210 MHz, P8
2026/09/06 17:48:33.101, 3 %, 37 %, 9118 MiB, 37, 13.51 W, 210 MHz, P8
2026/09/06 17:48:35.154, 3 %, 40 %, 9117 MiB, 37, 13.23 W, 210 MHz, P8
2026/09/06 17:48:37.206, 2 %, 23 %, 9118 MiB, 37, 13.84 W, 210 MHz, P8
2026/09/06 17:48:39.260, 2 %, 32 %, 9118 MiB, 37, 13.60 W, 210 MHz, P8
2026/09/06 17:48:41.315, 1 %, 20 %, 9123 MiB, 37, 13.99 W, 210 MHz, P8
2026/09/06 17:48:43.369, 2 %, 42 %, 9122 MiB, 37, 13.94 W, 210 MHz, P8
2026/09/06 17:48:45.422, 6 %, 28 %, 9119 MiB, 37, 13.68 W, 210 MHz, P8
2026/09/06 17:48:47.477, 2 %, 32 %, 9118 MiB, 37, 13.79 W, 210 MHz, P8
2026/09/06 17:48:49.530, 2 %, 42 %, 9117 MiB, 37, 13.59 W, 210 MHz, P8
2026/09/06 17:48:51.581, 4 %, 26 %, 9118 MiB, 37, 13.36 W, 210 MHz, P8
2026/09/06 17:48:53.632, 2 %, 26 %, 9117 MiB, 37, 13.81 W, 210 MHz, P8
2026/09/06 17:48:55.687, 4 %, 16 %, 9118 MiB, 37, 13.37 W, 210 MHz, P8
2026/09/06 17:48:57.739, 2 %, 32 %, 9118 MiB, 37, 13.92 W, 210 MHz, P8
2026/09/06 17:48:59.791, 4 %, 30 %, 9118 MiB, 37, 13.58 W, 210 MHz, P8
2026/09/06 17:49:05.435, 2 %, 26 %, 9118 MiB, 37, 13.50 W, 210 MHz, P8
2026/09/06 17:49:07.490, 1 %, 18 %, 9118 MiB, 37, 13.30 W, 210 MHz, P8
2026/09/06 17:49:09.545, 2 %, 35 %, 9118 MiB, 37, 13.36 W, 210 MHz, P8
2026/09/06 17:49:11.600, 3 %, 33 %, 9118 MiB, 37, 13.40 W, 210 MHz, P8
2026/09/06 17:49:13.653, 1 %, 33 %, 9118 MiB, 37, 13.31 W, 210 MHz, P8
2026/09/06 17:49:15.705, 2 %, 25 %, 9117 MiB, 37, 13.44 W, 210 MHz, P8
2026/09/06 17:49:17.760, 3 %, 42 %, 9118 MiB, 37, 13.20 W, 210 MHz, P8
2026/09/06 17:49:19.815, 4 %, 48 %, 9117 MiB, 37, 13.17 W, 210 MHz, P8
2026/09/06 17:49:21.869, 4 %, 35 %, 9118 MiB, 37, 13.04 W, 210 MHz, P8
2026/09/06 17:49:23.924, 2 %, 42 %, 9118 MiB, 37, 13.40 W, 210 MHz, P8
2026/09/06 17:49:25.976, 1 %, 26 %, 9106 MiB, 37, 13.97 W, 210 MHz, P8
2026/09/06 17:49:28.029, 1 %, 41 %, 9118 MiB, 37, 13.59 W, 210 MHz, P8
2026/09/06 17:49:30.083, 3 %, 11 %, 9118 MiB, 37, 13.77 W, 210 MHz, P8
2026/09/06 17:49:32.137, 1 %, 30 %, 9118 MiB, 37, 13.67 W, 210 MHz, P8
2026/09/06 17:49:34.195, 3 %, 39 %, 9117 MiB, 37, 13.59 W, 210 MHz, P8
2026/09/06 17:49:36.251, 3 %, 22 %, 9118 MiB, 37, 13.25 W, 210 MHz, P8
2026/09/06 17:49:41.968, 2 %, 46 %, 9117 MiB, 37, 13.68 W, 210 MHz, P8
2026/09/06 17:49:44.018, 5 %, 31 %, 9123 MiB, 37, 13.16 W, 210 MHz, P8
2026/09/06 17:49:46.069, 2 %, 36 %, 9119 MiB, 37, 13.33 W, 210 MHz, P8
2026/09/06 17:49:48.124, 1 %, 30 %, 9118 MiB, 37, 13.41 W, 210 MHz, P8
2026/09/06 17:49:50.178, 1 %, 34 %, 9118 MiB, 37, 13.64 W, 210 MHz, P8
2026/09/06 17:49:52.235, 4 %, 23 %, 9118 MiB, 37, 13.41 W, 210 MHz, P8
2026/09/06 17:49:54.290, 4 %, 36 %, 9118 MiB, 37, 13.07 W, 210 MHz, P8
2026/09/06 17:49:56.341, 2 %, 34 %, 9117 MiB, 37, 12.99 W, 210 MHz, P8
2026/09/06 17:49:58.400, 3 %, 33 %, 9118 MiB, 37, 13.53 W, 210 MHz, P8
2026/09/06 17:50:00.452, 2 %, 28 %, 9117 MiB, 37, 13.65 W, 210 MHz, P8
2026/09/06 17:50:02.507, 5 %, 23 %, 9118 MiB, 37, 13.24 W, 210 MHz, P8
2026/09/06 17:50:04.560, 3 %, 35 %, 9118 MiB, 37, 13.38 W, 210 MHz, P8
2026/09/06 17:50:06.610, 4 %, 35 %, 9118 MiB, 37, 13.29 W, 210 MHz, P8
2026/09/06 17:50:08.668, 1 %, 45 %, 9118 MiB, 37, 13.28 W, 210 MHz, P8
2026/09/06 17:50:10.722, 2 %, 18 %, 9118 MiB, 37, 13.41 W, 210 MHz, P8
2026/09/06 17:50:12.775, 5 %, 42 %, 9118 MiB, 37, 13.39 W, 210 MHz, P8
2026/09/06 17:50:18.358, 6 %, 14 %, 9118 MiB, 37, 13.25 W, 210 MHz, P8
2026/09/06 17:50:20.413, 1 %, 23 %, 9118 MiB, 36, 13.37 W, 210 MHz, P8
2026/09/06 17:50:22.473, 2 %, 30 %, 9117 MiB, 36, 13.27 W, 210 MHz, P8
2026/09/06 17:50:24.536, 3 %, 19 %, 9118 MiB, 36, 13.27 W, 210 MHz, P8
2026/09/06 17:50:26.589, 3 %, 40 %, 9117 MiB, 36, 13.19 W, 210 MHz, P8
2026/09/06 17:50:28.641, 5 %, 38 %, 9118 MiB, 36, 12.91 W, 210 MHz, P8
2026/09/06 17:50:30.692, 1 %, 36 %, 9118 MiB, 36, 13.42 W, 210 MHz, P8
2026/09/06 17:50:32.747, 2 %, 15 %, 9118 MiB, 36, 13.43 W, 210 MHz, P8
2026/09/06 17:50:34.804, 1 %, 36 %, 9118 MiB, 36, 13.17 W, 210 MHz, P8
2026/09/06 17:50:36.860, 9 %, 13 %, 9118 MiB, 36, 13.49 W, 210 MHz, P8
2026/09/06 17:50:38.911, 3 %, 38 %, 9118 MiB, 36, 13.29 W, 210 MHz, P8
2026/09/06 17:50:40.966, 1 %, 27 %, 9117 MiB, 36, 13.04 W, 210 MHz, P8
2026/09/06 17:50:43.020, 3 %, 39 %, 9119 MiB, 36, 13.25 W, 210 MHz, P8
2026/09/06 17:50:45.071, 3 %, 25 %, 9118 MiB, 36, 13.31 W, 210 MHz, P8
2026/09/06 17:50:47.123, 5 %, 15 %, 9118 MiB, 36, 12.80 W, 210 MHz, P8
2026/09/06 17:50:49.176, 5 %, 34 %, 9118 MiB, 36, 13.21 W, 210 MHz, P8
2026/09/06 17:50:54.815, 2 %, 13 %, 9118 MiB, 36, 13.19 W, 210 MHz, P8
2026/09/06 17:50:56.869, 1 %, 55 %, 9118 MiB, 36, 12.87 W, 210 MHz, P8
2026/09/06 17:50:58.921, 4 %, 22 %, 9118 MiB, 36, 12.99 W, 210 MHz, P8
2026/09/06 17:51:00.972, 4 %, 33 %, 9118 MiB, 36, 13.14 W, 210 MHz, P8
2026/09/06 17:51:03.028, 5 %, 34 %, 9118 MiB, 36, 13.06 W, 210 MHz, P8
2026/09/06 17:51:05.082, 1 %, 43 %, 9118 MiB, 36, 13.08 W, 210 MHz, P8
2026/09/06 17:51:07.135, 3 %, 34 %, 9117 MiB, 36, 13.27 W, 210 MHz, P8
2026/09/06 17:51:09.186, 2 %, 32 %, 9118 MiB, 36, 12.91 W, 210 MHz, P8
2026/09/06 17:51:11.237, 4 %, 36 %, 9117 MiB, 36, 13.27 W, 210 MHz, P8
2026/09/06 17:51:13.292, 3 %, 30 %, 9118 MiB, 36, 13.24 W, 210 MHz, P8
2026/09/06 17:51:15.347, 1 %, 31 %, 9118 MiB, 36, 12.93 W, 210 MHz, P8
2026/09/06 17:51:17.400, 1 %, 13 %, 9118 MiB, 36, 13.33 W, 210 MHz, P8
2026/09/06 17:51:19.451, 2 %, 27 %, 9118 MiB, 36, 13.23 W, 210 MHz, P8
2026/09/06 17:51:21.503, 7 %, 14 %, 9118 MiB, 36, 13.35 W, 210 MHz, P8
2026/09/06 17:51:23.556, 4 %, 25 %, 9118 MiB, 36, 13.06 W, 210 MHz, P8
2026/09/06 17:51:29.210, 2 %, 29 %, 9117 MiB, 36, 13.30 W, 210 MHz, P8
2026/09/06 17:51:31.248, 100 %, 2 %, 9319 MiB, 47, 116.69 W, 2805 MHz, P2
2026/09/06 17:51:33.286, 100 %, 2 %, 9319 MiB, 48, 117.34 W, 2805 MHz, P2
2026/09/06 17:51:35.322, 100 %, 2 %, 9319 MiB, 48, 117.53 W, 2805 MHz, P2
2026/09/06 17:51:37.359, 100 %, 2 %, 9319 MiB, 49, 117.50 W, 2790 MHz, P2
2026/09/06 17:51:39.397, 100 %, 2 %, 9319 MiB, 50, 117.81 W, 2790 MHz, P2
2026/09/06 17:51:41.433, 100 %, 2 %, 9320 MiB, 51, 118.12 W, 2790 MHz, P2
2026/09/06 17:51:43.471, 100 %, 2 %, 9320 MiB, 51, 118.28 W, 2790 MHz, P2
2026/09/06 17:51:45.508, 100 %, 2 %, 9320 MiB, 52, 118.48 W, 2790 MHz, P2
2026/09/06 17:51:47.548, 100 %, 2 %, 9318 MiB, 52, 118.64 W, 2790 MHz, P2
2026/09/06 17:51:49.586, 100 %, 2 %, 9320 MiB, 53, 118.82 W, 2790 MHz, P2
2026/09/06 17:51:51.623, 100 %, 2 %, 9319 MiB, 54, 120.64 W, 2790 MHz, P2
2026/09/06 17:51:53.660, 100 %, 2 %, 9320 MiB, 54, 119.37 W, 2790 MHz, P2
2026/09/06 17:51:55.699, 100 %, 2 %, 9320 MiB, 54, 119.33 W, 2790 MHz, P2
2026/09/06 17:51:57.735, 100 %, 2 %, 9320 MiB, 54, 119.21 W, 2790 MHz, P2
2026/09/06 17:51:59.770, 100 %, 2 %, 9320 MiB, 54, 119.19 W, 2790 MHz, P2
2026/09/06 17:52:05.377, 100 %, 2 %, 9320 MiB, 53, 119.21 W, 2790 MHz, P2
2026/09/06 17:52:07.413, 100 %, 2 %, 9320 MiB, 53, 119.30 W, 2790 MHz, P2
2026/09/06 17:52:09.452, 100 %, 2 %, 9318 MiB, 53, 119.28 W, 2790 MHz, P2
2026/09/06 17:52:11.491, 100 %, 2 %, 9320 MiB, 53, 119.12 W, 2790 MHz, P2
2026/09/06 17:52:13.527, 100 %, 2 %, 9320 MiB, 53, 119.17 W, 2790 MHz, P2
2026/09/06 17:52:15.564, 100 %, 2 %, 9320 MiB, 53, 119.18 W, 2790 MHz, P2
2026/09/06 17:52:17.601, 100 %, 2 %, 9320 MiB, 53, 119.25 W, 2790 MHz, P2
2026/09/06 17:52:19.637, 100 %, 2 %, 9320 MiB, 53, 119.27 W, 2790 MHz, P2
2026/09/06 17:52:21.674, 100 %, 2 %, 9320 MiB, 53, 119.33 W, 2790 MHz, P2
2026/09/06 17:52:23.710, 100 %, 2 %, 9320 MiB, 53, 119.26 W, 2790 MHz, P2
2026/09/06 17:52:25.746, 100 %, 2 %, 9320 MiB, 53, 119.31 W, 2790 MHz, P2
2026/09/06 17:52:27.785, 100 %, 2 %, 9318 MiB, 53, 119.31 W, 2790 MHz, P2
2026/09/06 17:52:29.823, 100 %, 2 %, 9320 MiB, 53, 119.33 W, 2790 MHz, P2
2026/09/06 17:52:31.860, 100 %, 2 %, 9320 MiB, 53, 119.26 W, 2790 MHz, P2
2026/09/06 17:52:33.898, 100 %, 2 %, 9320 MiB, 53, 119.21 W, 2790 MHz, P2
2026/09/06 17:52:35.935, 100 %, 2 %, 9320 MiB, 53, 119.15 W, 2790 MHz, P2
2026/09/06 17:52:41.565, 100 %, 2 %, 9320 MiB, 53, 119.16 W, 2790 MHz, P2
2026/09/06 17:52:43.601, 100 %, 2 %, 9324 MiB, 53, 119.20 W, 2790 MHz, P2
2026/09/06 17:52:45.639, 100 %, 2 %, 9324 MiB, 53, 119.26 W, 2790 MHz, P2
2026/09/06 17:52:47.676, 100 %, 2 %, 9320 MiB, 53, 119.16 W, 2790 MHz, P2
2026/09/06 17:52:49.717, 100 %, 2 %, 9323 MiB, 53, 119.16 W, 2790 MHz, P2
2026/09/06 17:52:51.753, 100 %, 2 %, 9325 MiB, 53, 119.33 W, 2790 MHz, P2
2026/09/06 17:52:53.789, 100 %, 2 %, 9323 MiB, 53, 119.32 W, 2790 MHz, P2
2026/09/06 17:52:55.824, 100 %, 2 %, 9325 MiB, 53, 119.33 W, 2790 MHz, P2
2026/09/06 17:52:57.864, 100 %, 2 %, 9324 MiB, 53, 119.22 W, 2790 MHz, P2
2026/09/06 17:52:59.900, 100 %, 2 %, 9325 MiB, 53, 119.25 W, 2790 MHz, P2
2026/09/06 17:53:01.935, 100 %, 2 %, 9325 MiB, 53, 119.24 W, 2790 MHz, P2
2026/09/06 17:53:03.971, 100 %, 2 %, 9325 MiB, 53, 119.13 W, 2790 MHz, P2
2026/09/06 17:53:06.008, 100 %, 2 %, 9325 MiB, 53, 119.19 W, 2790 MHz, P2
2026/09/06 17:53:08.047, 100 %, 2 %, 9323 MiB, 53, 119.30 W, 2790 MHz, P2
2026/09/06 17:53:10.085, 100 %, 2 %, 9325 MiB, 53, 119.32 W, 2790 MHz, P2
2026/09/06 17:53:12.120, 100 %, 2 %, 9323 MiB, 53, 119.36 W, 2790 MHz, P2
2026/09/06 17:53:17.732, 100 %, 2 %, 9325 MiB, 53, 119.45 W, 2790 MHz, P2
2026/09/06 17:53:19.770, 100 %, 2 %, 9324 MiB, 53, 119.43 W, 2790 MHz, P2
2026/09/06 17:53:21.807, 100 %, 2 %, 9325 MiB, 53, 119.31 W, 2790 MHz, P2
2026/09/06 17:53:23.846, 100 %, 2 %, 9324 MiB, 53, 119.10 W, 2790 MHz, P2
2026/09/06 17:53:25.884, 100 %, 2 %, 9325 MiB, 53, 119.26 W, 2790 MHz, P2
2026/09/06 17:53:27.919, 100 %, 2 %, 9325 MiB, 53, 119.37 W, 2790 MHz, P2
2026/09/06 17:53:29.956, 100 %, 2 %, 9323 MiB, 53, 119.31 W, 2790 MHz, P2
2026/09/06 17:53:31.991, 100 %, 2 %, 9325 MiB, 53, 119.30 W, 2790 MHz, P2
2026/09/06 17:53:34.026, 100 %, 2 %, 9323 MiB, 53, 119.28 W, 2790 MHz, P2
2026/09/06 17:53:36.067, 100 %, 2 %, 9325 MiB, 53, 119.28 W, 2790 MHz, P2
2026/09/06 17:53:38.102, 100 %, 2 %, 9324 MiB, 53, 119.39 W, 2790 MHz, P2
2026/09/06 17:53:40.138, 100 %, 2 %, 9329 MiB, 53, 119.34 W, 2790 MHz, P2
2026/09/06 17:53:42.173, 100 %, 2 %, 9329 MiB, 53, 119.34 W, 2790 MHz, P2
2026/09/06 17:53:44.208, 100 %, 2 %, 9325 MiB, 53, 119.41 W, 2790 MHz, P2
2026/09/06 17:53:46.249, 100 %, 2 %, 9325 MiB, 53, 119.29 W, 2790 MHz, P2
2026/09/06 17:53:48.286, 100 %, 2 %, 9323 MiB, 53, 119.30 W, 2790 MHz, P2
2026/09/06 17:53:54.055, 100 %, 2 %, 9325 MiB, 53, 119.37 W, 2790 MHz, P2
2026/09/06 17:53:56.091, 100 %, 2 %, 9324 MiB, 53, 119.35 W, 2790 MHz, P2
2026/09/06 17:53:58.129, 100 %, 2 %, 9325 MiB, 53, 119.39 W, 2790 MHz, P2
2026/09/06 17:54:00.165, 100 %, 2 %, 9324 MiB, 53, 119.30 W, 2790 MHz, P2
2026/09/06 17:54:02.200, 100 %, 2 %, 9325 MiB, 53, 119.42 W, 2790 MHz, P2
2026/09/06 17:54:04.233, 100 %, 2 %, 9325 MiB, 53, 119.58 W, 2790 MHz, P2
2026/09/06 17:54:06.267, 100 %, 2 %, 9325 MiB, 53, 119.55 W, 2790 MHz, P2
2026/09/06 17:54:08.303, 100 %, 2 %, 9325 MiB, 53, 119.57 W, 2790 MHz, P2
2026/09/06 17:54:10.338, 100 %, 2 %, 9323 MiB, 53, 119.49 W, 2790 MHz, P2
2026/09/06 17:54:12.378, 100 %, 2 %, 9325 MiB, 53, 119.65 W, 2790 MHz, P2
2026/09/06 17:54:14.414, 100 %, 2 %, 9323 MiB, 53, 119.49 W, 2790 MHz, P2
2026/09/06 17:54:16.452, 100 %, 2 %, 9325 MiB, 53, 119.35 W, 2790 MHz, P2
2026/09/06 17:54:18.492, 100 %, 2 %, 9312 MiB, 53, 119.30 W, 2790 MHz, P2
2026/09/06 17:54:20.527, 100 %, 2 %, 9325 MiB, 53, 119.33 W, 2790 MHz, P2
2026/09/06 17:54:22.565, 100 %, 2 %, 9325 MiB, 53, 119.42 W, 2790 MHz, P2
2026/09/06 17:54:24.602, 100 %, 2 %, 9325 MiB, 53, 119.60 W, 2790 MHz, P2
2026/09/06 17:54:30.127, 100 %, 2 %, 9325 MiB, 53, 119.58 W, 2790 MHz, P2
2026/09/06 17:54:32.162, 100 %, 2 %, 9323 MiB, 53, 119.57 W, 2790 MHz, P2
2026/09/06 17:54:34.197, 100 %, 2 %, 9325 MiB, 53, 119.56 W, 2790 MHz, P2
2026/09/06 17:54:36.232, 100 %, 2 %, 9323 MiB, 53, 119.50 W, 2790 MHz, P2
2026/09/06 17:54:38.268, 100 %, 2 %, 9325 MiB, 53, 119.48 W, 2790 MHz, P2
2026/09/06 17:54:40.305, 100 %, 2 %, 9324 MiB, 53, 119.59 W, 2790 MHz, P2
2026/09/06 17:54:42.343, 100 %, 2 %, 9329 MiB, 53, 119.50 W, 2790 MHz, P2
2026/09/06 17:54:44.377, 100 %, 2 %, 9325 MiB, 53, 119.50 W, 2790 MHz, P2
2026/09/06 17:54:46.412, 100 %, 2 %, 9325 MiB, 53, 119.63 W, 2790 MHz, P2
2026/09/06 17:54:48.448, 100 %, 2 %, 9325 MiB, 53, 119.54 W, 2790 MHz, P2
2026/09/06 17:54:50.483, 100 %, 2 %, 9323 MiB, 53, 119.53 W, 2790 MHz, P2
2026/09/06 17:54:52.521, 100 %, 2 %, 9325 MiB, 53, 119.59 W, 2790 MHz, P2
2026/09/06 17:54:54.559, 100 %, 2 %, 9324 MiB, 53, 119.58 W, 2790 MHz, P2
2026/09/06 17:54:56.597, 100 %, 2 %, 9325 MiB, 53, 119.68 W, 2790 MHz, P2
2026/09/06 17:54:58.633, 100 %, 2 %, 9323 MiB, 53, 119.67 W, 2790 MHz, P2
2026/09/06 17:55:04.232, 100 %, 2 %, 9325 MiB, 53, 119.67 W, 2790 MHz, P2
2026/09/06 17:55:06.272, 100 %, 2 %, 9324 MiB, 53, 119.73 W, 2790 MHz, P2
2026/09/06 17:55:08.310, 100 %, 2 %, 9325 MiB, 53, 119.65 W, 2790 MHz, P2
2026/09/06 17:55:10.345, 100 %, 2 %, 9325 MiB, 53, 119.59 W, 2790 MHz, P2
2026/09/06 17:55:12.384, 100 %, 2 %, 9323 MiB, 53, 119.71 W, 2790 MHz, P2
2026/09/06 17:55:14.421, 100 %, 2 %, 9325 MiB, 53, 119.64 W, 2790 MHz, P2
2026/09/06 17:55:16.457, 100 %, 2 %, 9323 MiB, 53, 119.61 W, 2790 MHz, P2
2026/09/06 17:55:18.493, 100 %, 2 %, 9325 MiB, 53, 119.77 W, 2790 MHz, P2
2026/09/06 17:55:20.529, 100 %, 2 %, 9324 MiB, 53, 119.84 W, 2790 MHz, P2
2026/09/06 17:55:22.565, 100 %, 2 %, 9325 MiB, 53, 119.69 W, 2790 MHz, P2
2026/09/06 17:55:24.601, 100 %, 2 %, 9325 MiB, 53, 119.87 W, 2790 MHz, P2
2026/09/06 17:55:26.637, 100 %, 2 %, 9325 MiB, 53, 119.72 W, 2790 MHz, P2
2026/09/06 17:55:28.672, 100 %, 2 %, 9325 MiB, 53, 119.55 W, 2790 MHz, P2
2026/09/06 17:55:30.709, 100 %, 2 %, 9323 MiB, 53, 119.58 W, 2790 MHz, P2
2026/09/06 17:55:32.744, 100 %, 2 %, 9325 MiB, 53, 119.50 W, 2790 MHz, P2
2026/09/06 17:55:34.785, 100 %, 2 %, 9323 MiB, 53, 119.50 W, 2790 MHz, P2
2026/09/06 17:55:40.408, 100 %, 2 %, 9325 MiB, 53, 119.65 W, 2790 MHz, P2
2026/09/06 17:55:42.444, 100 %, 2 %, 9324 MiB, 53, 119.48 W, 2790 MHz, P2
2026/09/06 17:55:44.481, 100 %, 2 %, 9325 MiB, 53, 119.61 W, 2790 MHz, P2
2026/09/06 17:55:46.517, 100 %, 2 %, 9325 MiB, 53, 119.61 W, 2790 MHz, P2
2026/09/06 17:55:48.556, 100 %, 2 %, 9325 MiB, 54, 119.45 W, 2790 MHz, P2
2026/09/06 17:55:50.593, 100 %, 2 %, 9325 MiB, 54, 119.47 W, 2790 MHz, P2
2026/09/06 17:55:52.627, 100 %, 2 %, 9323 MiB, 53, 119.66 W, 2790 MHz, P2
2026/09/06 17:55:54.664, 100 %, 2 %, 9325 MiB, 54, 119.47 W, 2790 MHz, P2
2026/09/06 17:55:56.701, 100 %, 2 %, 9323 MiB, 54, 119.66 W, 2790 MHz, P2
2026/09/06 17:55:58.736, 100 %, 2 %, 9325 MiB, 54, 119.61 W, 2790 MHz, P2
2026/09/06 17:56:00.772, 100 %, 2 %, 9323 MiB, 53, 119.57 W, 2790 MHz, P2
2026/09/06 17:56:02.809, 100 %, 2 %, 9325 MiB, 54, 119.72 W, 2790 MHz, P2
2026/09/06 17:56:04.844, 100 %, 2 %, 9324 MiB, 54, 119.68 W, 2790 MHz, P2
2026/09/06 17:56:06.880, 100 %, 2 %, 9325 MiB, 54, 119.61 W, 2790 MHz, P2
2026/09/06 17:56:08.916, 100 %, 2 %, 9325 MiB, 54, 119.56 W, 2790 MHz, P2
2026/09/06 17:56:10.956, 100 %, 2 %, 9323 MiB, 53, 119.67 W, 2790 MHz, P2
2026/09/06 17:56:16.586, 100 %, 2 %, 9325 MiB, 54, 119.59 W, 2790 MHz, P2
2026/09/06 17:56:18.624, 100 %, 2 %, 9323 MiB, 54, 119.44 W, 2790 MHz, P2
2026/09/06 17:56:20.660, 100 %, 2 %, 9325 MiB, 54, 119.57 W, 2790 MHz, P2
2026/09/06 17:56:22.694, 100 %, 2 %, 9324 MiB, 54, 119.55 W, 2790 MHz, P2
2026/09/06 17:56:24.729, 100 %, 2 %, 9325 MiB, 54, 119.55 W, 2790 MHz, P2
2026/09/06 17:56:26.765, 100 %, 2 %, 9324 MiB, 54, 119.73 W, 2790 MHz, P2
2026/09/06 17:56:28.799, 100 %, 2 %, 9325 MiB, 54, 119.63 W, 2790 MHz, P2
2026/09/06 17:56:30.837, 100 %, 2 %, 9325 MiB, 54, 119.60 W, 2790 MHz, P2
2026/09/06 17:56:32.873, 100 %, 2 %, 9323 MiB, 54, 119.56 W, 2790 MHz, P2
2026/09/06 17:56:34.909, 100 %, 2 %, 9325 MiB, 54, 119.55 W, 2790 MHz, P2
2026/09/06 17:56:36.945, 100 %, 2 %, 9323 MiB, 54, 119.61 W, 2790 MHz, P2
2026/09/06 17:56:38.982, 100 %, 2 %, 9325 MiB, 54, 119.45 W, 2790 MHz, P2
2026/09/06 17:56:41.017, 100 %, 2 %, 9324 MiB, 54, 119.59 W, 2790 MHz, P2
2026/09/06 17:56:43.054, 100 %, 2 %, 9325 MiB, 54, 119.49 W, 2790 MHz, P2
2026/09/06 17:56:45.088, 100 %, 2 %, 9325 MiB, 54, 119.61 W, 2790 MHz, P2
2026/09/06 17:56:47.126, 100 %, 2 %, 9325 MiB, 54, 119.44 W, 2790 MHz, P2
2026/09/06 17:56:52.736, 100 %, 2 %, 9325 MiB, 54, 119.64 W, 2790 MHz, P2
2026/09/06 17:56:54.771, 100 %, 2 %, 9323 MiB, 54, 119.70 W, 2790 MHz, P2
2026/09/06 17:56:56.809, 100 %, 2 %, 9325 MiB, 54, 119.65 W, 2790 MHz, P2
2026/09/06 17:56:58.854, 100 %, 2 %, 9323 MiB, 54, 119.56 W, 2790 MHz, P2
2026/09/06 17:57:00.892, 100 %, 2 %, 9325 MiB, 54, 119.61 W, 2790 MHz, P2
2026/09/06 17:57:02.926, 100 %, 2 %, 9324 MiB, 54, 119.67 W, 2790 MHz, P2
2026/09/06 17:57:04.962, 100 %, 2 %, 9325 MiB, 54, 119.59 W, 2790 MHz, P2
2026/09/06 17:57:06.999, 100 %, 2 %, 9325 MiB, 54, 119.61 W, 2790 MHz, P2
2026/09/06 17:57:09.035, 100 %, 2 %, 9325 MiB, 54, 119.61 W, 2790 MHz, P2
2026/09/06 17:57:11.078, 100 %, 2 %, 9324 MiB, 54, 119.60 W, 2790 MHz, P2
2026/09/06 17:57:13.113, 100 %, 2 %, 9323 MiB, 54, 119.73 W, 2790 MHz, P2
2026/09/06 17:57:15.149, 100 %, 2 %, 9325 MiB, 54, 119.64 W, 2790 MHz, P2
2026/09/06 17:57:17.186, 100 %, 2 %, 9321 MiB, 54, 119.74 W, 2790 MHz, P2
2026/09/06 17:57:19.222, 100 %, 2 %, 9321 MiB, 54, 119.76 W, 2790 MHz, P2
2026/09/06 17:57:21.259, 100 %, 2 %, 9321 MiB, 54, 119.80 W, 2790 MHz, P2
2026/09/06 17:57:23.295, 100 %, 2 %, 9321 MiB, 54, 119.75 W, 2790 MHz, P2
2026/09/06 17:57:28.919, 100 %, 2 %, 9321 MiB, 54, 119.63 W, 2790 MHz, P2
2026/09/06 17:57:30.953, 100 %, 2 %, 9321 MiB, 54, 119.82 W, 2790 MHz, P2
2026/09/06 17:57:32.988, 100 %, 2 %, 9321 MiB, 54, 119.73 W, 2790 MHz, P2
2026/09/06 17:57:35.025, 100 %, 2 %, 9321 MiB, 54, 119.84 W, 2790 MHz, P2
2026/09/06 17:57:37.063, 100 %, 2 %, 9321 MiB, 54, 119.76 W, 2790 MHz, P2
2026/09/06 17:57:39.102, 100 %, 2 %, 9319 MiB, 54, 119.86 W, 2790 MHz, P2
2026/09/06 17:57:41.138, 100 %, 2 %, 9325 MiB, 54, 119.79 W, 2790 MHz, P2
2026/09/06 17:57:43.173, 100 %, 2 %, 9324 MiB, 54, 119.86 W, 2790 MHz, P2
2026/09/06 17:57:45.208, 100 %, 2 %, 9325 MiB, 54, 119.71 W, 2790 MHz, P2
2026/09/06 17:57:47.258, 100 %, 2 %, 9321 MiB, 54, 119.77 W, 2790 MHz, P2
2026/09/06 17:57:49.294, 100 %, 2 %, 9321 MiB, 54, 119.70 W, 2790 MHz, P2
2026/09/06 17:57:51.328, 100 %, 2 %, 9321 MiB, 54, 119.63 W, 2790 MHz, P2
2026/09/06 17:57:53.366, 100 %, 2 %, 9321 MiB, 54, 119.71 W, 2790 MHz, P2
2026/09/06 17:57:55.402, 100 %, 2 %, 9321 MiB, 54, 119.80 W, 2790 MHz, P2
2026/09/06 17:57:57.437, 100 %, 2 %, 9320 MiB, 54, 119.79 W, 2790 MHz, P2
2026/09/06 17:57:59.474, 100 %, 2 %, 9321 MiB, 54, 119.72 W, 2790 MHz, P2
2026/09/06 17:58:05.119, 100 %, 2 %, 9321 MiB, 54, 119.62 W, 2790 MHz, P2
2026/09/06 17:58:07.156, 100 %, 2 %, 9321 MiB, 54, 119.64 W, 2790 MHz, P2
2026/09/06 17:58:09.193, 100 %, 2 %, 9321 MiB, 54, 119.73 W, 2790 MHz, P2
2026/09/06 17:58:11.228, 100 %, 2 %, 9321 MiB, 54, 119.77 W, 2790 MHz, P2
2026/09/06 17:58:13.264, 100 %, 2 %, 9321 MiB, 54, 119.57 W, 2790 MHz, P2
2026/09/06 17:58:15.301, 100 %, 2 %, 9321 MiB, 54, 119.54 W, 2790 MHz, P2
2026/09/06 17:58:17.337, 100 %, 2 %, 9321 MiB, 54, 119.65 W, 2790 MHz, P2
2026/09/06 17:58:19.371, 100 %, 2 %, 9318 MiB, 54, 119.60 W, 2790 MHz, P2
2026/09/06 17:58:21.412, 100 %, 2 %, 9319 MiB, 54, 119.65 W, 2790 MHz, P2
2026/09/06 17:58:23.449, 100 %, 2 %, 9318 MiB, 54, 119.69 W, 2790 MHz, P2
2026/09/06 17:58:25.486, 100 %, 2 %, 9319 MiB, 54, 119.65 W, 2790 MHz, P2
2026/09/06 17:58:27.521, 100 %, 2 %, 9319 MiB, 54, 119.64 W, 2790 MHz, P2
2026/09/06 17:58:29.557, 100 %, 2 %, 9319 MiB, 54, 119.64 W, 2790 MHz, P2
2026/09/06 17:58:31.591, 100 %, 2 %, 9319 MiB, 54, 119.63 W, 2790 MHz, P2
2026/09/06 17:58:33.625, 100 %, 2 %, 9319 MiB, 54, 119.75 W, 2790 MHz, P2
2026/09/06 17:58:39.214, 100 %, 2 %, 9319 MiB, 54, 119.73 W, 2790 MHz, P2
2026/09/06 17:58:41.251, 100 %, 2 %, 9318 MiB, 54, 119.86 W, 2790 MHz, P2
2026/09/06 17:58:43.286, 100 %, 2 %, 9324 MiB, 54, 119.73 W, 2790 MHz, P2
2026/09/06 17:58:45.324, 100 %, 2 %, 9320 MiB, 54, 119.72 W, 2790 MHz, P2
2026/09/06 17:58:47.361, 100 %, 2 %, 9319 MiB, 54, 119.77 W, 2790 MHz, P2
2026/09/06 17:58:49.398, 100 %, 2 %, 9319 MiB, 54, 119.74 W, 2790 MHz, P2
2026/09/06 17:58:51.434, 100 %, 2 %, 9319 MiB, 54, 119.78 W, 2790 MHz, P2
2026/09/06 17:58:53.475, 100 %, 2 %, 9319 MiB, 54, 119.74 W, 2790 MHz, P2
2026/09/06 17:58:55.513, 100 %, 2 %, 9319 MiB, 54, 119.64 W, 2790 MHz, P2
2026/09/06 17:58:57.550, 100 %, 2 %, 9319 MiB, 54, 119.73 W, 2790 MHz, P2
2026/09/06 17:58:59.586, 100 %, 2 %, 9376 MiB, 54, 119.69 W, 2790 MHz, P2
2026/09/06 17:59:01.621, 100 %, 2 %, 9361 MiB, 54, 119.68 W, 2790 MHz, P2
2026/09/06 17:59:03.659, 100 %, 2 %, 9361 MiB, 54, 119.66 W, 2790 MHz, P2
2026/09/06 17:59:05.694, 100 %, 2 %, 9361 MiB, 54, 119.75 W, 2790 MHz, P2
2026/09/06 17:59:07.729, 100 %, 2 %, 9361 MiB, 54, 119.72 W, 2790 MHz, P2
2026/09/06 17:59:09.764, 100 %, 2 %, 9361 MiB, 54, 119.74 W, 2790 MHz, P2
2026/09/06 17:59:15.380, 100 %, 2 %, 9348 MiB, 54, 119.61 W, 2790 MHz, P2
2026/09/06 17:59:17.416, 100 %, 2 %, 9316 MiB, 54, 119.48 W, 2790 MHz, P2
2026/09/06 17:59:19.453, 100 %, 2 %, 9316 MiB, 54, 119.71 W, 2790 MHz, P2
2026/09/06 17:59:21.488, 100 %, 2 %, 9315 MiB, 54, 119.59 W, 2790 MHz, P2
2026/09/06 17:59:23.524, 100 %, 2 %, 9316 MiB, 54, 119.61 W, 2790 MHz, P2
2026/09/06 17:59:25.561, 100 %, 2 %, 9316 MiB, 54, 119.66 W, 2790 MHz, P2
2026/09/06 17:59:27.598, 100 %, 2 %, 9316 MiB, 54, 119.63 W, 2790 MHz, P2
2026/09/06 17:59:29.634, 100 %, 2 %, 9316 MiB, 54, 119.74 W, 2790 MHz, P2
2026/09/06 17:59:31.671, 100 %, 2 %, 9316 MiB, 54, 119.61 W, 2790 MHz, P2
2026/09/06 17:59:33.707, 100 %, 2 %, 9316 MiB, 54, 119.56 W, 2790 MHz, P2
2026/09/06 17:59:35.742, 100 %, 2 %, 9316 MiB, 54, 119.61 W, 2790 MHz, P2
2026/09/06 17:59:37.776, 100 %, 2 %, 9316 MiB, 54, 119.56 W, 2790 MHz, P2
2026/09/06 17:59:39.811, 100 %, 2 %, 9315 MiB, 54, 119.60 W, 2790 MHz, P2
2026/09/06 17:59:41.847, 100 %, 2 %, 9317 MiB, 54, 119.64 W, 2790 MHz, P2
2026/09/06 17:59:43.882, 100 %, 2 %, 9317 MiB, 54, 119.68 W, 2790 MHz, P2
2026/09/06 17:59:45.917, 100 %, 2 %, 9316 MiB, 54, 119.71 W, 2790 MHz, P2
2026/09/06 17:59:51.543, 100 %, 2 %, 9314 MiB, 54, 119.71 W, 2790 MHz, P2
2026/09/06 17:59:53.578, 100 %, 2 %, 9314 MiB, 54, 119.48 W, 2790 MHz, P2
2026/09/06 17:59:55.614, 100 %, 2 %, 9314 MiB, 54, 119.59 W, 2790 MHz, P2
2026/09/06 17:59:57.653, 100 %, 2 %, 9314 MiB, 54, 119.56 W, 2790 MHz, P2
2026/09/06 17:59:59.689, 100 %, 2 %, 9314 MiB, 54, 119.54 W, 2790 MHz, P2
2026/09/06 18:00:01.725, 100 %, 2 %, 9313 MiB, 54, 119.66 W, 2790 MHz, P2
2026/09/06 18:00:03.760, 100 %, 2 %, 9314 MiB, 54, 119.65 W, 2790 MHz, P2
2026/09/06 18:00:05.795, 100 %, 2 %, 9314 MiB, 54, 119.60 W, 2790 MHz, P2
2026/09/06 18:00:07.830, 100 %, 2 %, 9314 MiB, 54, 119.67 W, 2790 MHz, P2
2026/09/06 18:00:09.865, 100 %, 2 %, 9314 MiB, 54, 119.72 W, 2790 MHz, P2
2026/09/06 18:00:11.900, 100 %, 2 %, 9314 MiB, 54, 119.71 W, 2790 MHz, P2
2026/09/06 18:00:13.936, 100 %, 2 %, 9314 MiB, 54, 119.73 W, 2790 MHz, P2
2026/09/06 18:00:15.971, 100 %, 2 %, 9314 MiB, 54, 119.58 W, 2790 MHz, P2
2026/09/06 18:00:18.007, 100 %, 2 %, 9313 MiB, 54, 119.50 W, 2790 MHz, P2
2026/09/06 18:00:20.044, 100 %, 2 %, 9311 MiB, 54, 119.64 W, 2790 MHz, P2
2026/09/06 18:00:22.077, 100 %, 2 %, 9313 MiB, 54, 119.65 W, 2790 MHz, P2
2026/09/06 18:00:27.698, 100 %, 2 %, 9313 MiB, 54, 119.60 W, 2790 MHz, P2
2026/09/06 18:00:29.736, 100 %, 2 %, 9313 MiB, 53, 119.77 W, 2790 MHz, P2
2026/09/06 18:00:31.772, 100 %, 2 %, 9313 MiB, 54, 119.72 W, 2790 MHz, P2
2026/09/06 18:00:33.808, 100 %, 2 %, 9313 MiB, 54, 119.60 W, 2790 MHz, P2
2026/09/06 18:00:35.846, 100 %, 2 %, 9313 MiB, 54, 119.73 W, 2790 MHz, P2
2026/09/06 18:00:37.881, 100 %, 2 %, 9313 MiB, 54, 119.57 W, 2790 MHz, P2
2026/09/06 18:00:39.916, 100 %, 2 %, 9313 MiB, 54, 119.64 W, 2790 MHz, P2
2026/09/06 18:00:41.955, 100 %, 2 %, 9312 MiB, 54, 119.66 W, 2790 MHz, P2
2026/09/06 18:00:43.992, 100 %, 2 %, 9313 MiB, 54, 119.59 W, 2790 MHz, P2
2026/09/06 18:00:46.028, 100 %, 2 %, 9313 MiB, 54, 119.59 W, 2790 MHz, P2
2026/09/06 18:00:48.068, 100 %, 2 %, 9313 MiB, 54, 119.62 W, 2790 MHz, P2
2026/09/06 18:00:50.105, 100 %, 2 %, 9313 MiB, 54, 119.60 W, 2790 MHz, P2
2026/09/06 18:00:52.141, 100 %, 2 %, 9313 MiB, 54, 119.60 W, 2790 MHz, P2
2026/09/06 18:00:54.176, 100 %, 2 %, 9313 MiB, 54, 119.62 W, 2790 MHz, P2
2026/09/06 18:00:56.214, 100 %, 2 %, 9313 MiB, 54, 119.71 W, 2790 MHz, P2
2026/09/06 18:00:58.253, 100 %, 2 %, 9313 MiB, 54, 119.71 W, 2790 MHz, P2
2026/09/06 18:01:03.877, 100 %, 2 %, 9311 MiB, 54, 119.57 W, 2790 MHz, P2
2026/09/06 18:01:05.915, 100 %, 2 %, 9313 MiB, 54, 119.62 W, 2790 MHz, P2
2026/09/06 18:01:07.950, 100 %, 2 %, 9311 MiB, 54, 119.59 W, 2790 MHz, P2
2026/09/06 18:01:09.986, 100 %, 2 %, 9313 MiB, 54, 119.49 W, 2790 MHz, P2
2026/09/06 18:01:12.021, 100 %, 2 %, 9313 MiB, 54, 119.50 W, 2790 MHz, P2
2026/09/06 18:01:14.059, 100 %, 2 %, 9313 MiB, 54, 119.44 W, 2790 MHz, P2
2026/09/06 18:01:16.097, 100 %, 2 %, 9313 MiB, 54, 119.54 W, 2790 MHz, P2
2026/09/06 18:01:18.133, 100 %, 2 %, 9313 MiB, 54, 119.44 W, 2790 MHz, P2
2026/09/06 18:01:20.169, 100 %, 2 %, 9313 MiB, 54, 119.50 W, 2790 MHz, P2
2026/09/06 18:01:22.205, 100 %, 2 %, 9311 MiB, 54, 119.46 W, 2790 MHz, P2
2026/09/06 18:01:24.242, 100 %, 2 %, 9325 MiB, 54, 119.44 W, 2790 MHz, P2
2026/09/06 18:01:26.278, 100 %, 2 %, 9322 MiB, 54, 119.60 W, 2790 MHz, P2
2026/09/06 18:01:28.312, 100 %, 2 %, 9325 MiB, 54, 119.43 W, 2790 MHz, P2
2026/09/06 18:02:33.981, 60 %, 1 %, 9110 MiB, 54, 114.61 W, 2790 MHz, P0
2026/09/06 18:02:36.032, 0 %, 6 %, 9116 MiB, 44, 37.53 W, 540 MHz, P5
2026/09/06 18:02:38.083, 2 %, 36 %, 9116 MiB, 43, 15.23 W, 210 MHz, P8
2026/09/06 18:02:40.139, 1 %, 23 %, 9121 MiB, 42, 14.07 W, 210 MHz, P8
2026/09/06 18:02:42.192, 2 %, 43 %, 9117 MiB, 41, 14.08 W, 210 MHz, P8
2026/09/06 18:02:44.251, 2 %, 48 %, 9115 MiB, 40, 14.07 W, 210 MHz, P8
2026/09/06 18:02:49.882, 4 %, 29 %, 9116 MiB, 40, 14.29 W, 210 MHz, P8
2026/09/06 18:02:51.934, 2 %, 31 %, 9116 MiB, 39, 13.92 W, 210 MHz, P8
2026/09/06 18:02:53.987, 2 %, 20 %, 9116 MiB, 39, 12.92 W, 210 MHz, P8
2026/09/06 18:02:56.042, 3 %, 25 %, 9115 MiB, 39, 13.22 W, 210 MHz, P8
2026/09/06 18:02:58.095, 1 %, 56 %, 9116 MiB, 39, 13.52 W, 210 MHz, P8
2026/09/06 18:03:00.148, 1 %, 50 %, 9116 MiB, 39, 13.61 W, 210 MHz, P8
2026/09/06 18:03:02.202, 4 %, 20 %, 9116 MiB, 39, 13.94 W, 210 MHz, P8
2026/09/06 18:03:04.261, 2 %, 37 %, 9116 MiB, 39, 13.94 W, 210 MHz, P8
2026/09/06 18:03:06.314, 2 %, 30 %, 9115 MiB, 39, 14.10 W, 210 MHz, P8
2026/09/06 18:03:08.369, 2 %, 22 %, 9116 MiB, 39, 13.95 W, 210 MHz, P8
2026/09/06 18:03:10.423, 2 %, 26 %, 9115 MiB, 39, 13.44 W, 210 MHz, P8
2026/09/06 18:03:12.482, 2 %, 18 %, 9116 MiB, 39, 13.14 W, 210 MHz, P8
2026/09/06 18:03:14.535, 2 %, 37 %, 9116 MiB, 39, 13.48 W, 210 MHz, P8
2026/09/06 18:03:16.586, 4 %, 26 %, 9116 MiB, 39, 13.72 W, 210 MHz, P8
2026/09/06 18:03:18.638, 1 %, 37 %, 9116 MiB, 39, 13.58 W, 210 MHz, P8
2026/09/06 18:03:20.690, 2 %, 24 %, 9116 MiB, 39, 13.50 W, 210 MHz, P8
2026/09/06 18:03:26.335, 2 %, 37 %, 9116 MiB, 39, 13.79 W, 210 MHz, P8
2026/09/06 18:03:28.391, 3 %, 50 %, 9116 MiB, 39, 13.21 W, 210 MHz, P8
2026/09/06 18:03:30.444, 5 %, 33 %, 9116 MiB, 38, 13.61 W, 210 MHz, P8
2026/09/06 18:03:32.507, 3 %, 44 %, 9115 MiB, 38, 13.26 W, 210 MHz, P8
2026/09/06 18:03:34.560, 2 %, 49 %, 9116 MiB, 38, 13.15 W, 210 MHz, P8
2026/09/06 18:03:36.611, 1 %, 42 %, 9116 MiB, 38, 13.58 W, 210 MHz, P8
2026/09/06 18:03:38.664, 4 %, 20 %, 9116 MiB, 38, 13.25 W, 210 MHz, P8
2026/09/06 18:03:40.719, 4 %, 27 %, 9117 MiB, 38, 13.90 W, 210 MHz, P8
2026/09/06 18:03:42.775, 2 %, 33 %, 9117 MiB, 38, 13.53 W, 210 MHz, P8
2026/09/06 18:03:44.828, 1 %, 41 %, 9117 MiB, 38, 13.56 W, 210 MHz, P8
2026/09/06 18:03:46.883, 2 %, 21 %, 9116 MiB, 38, 13.95 W, 210 MHz, P8
2026/09/06 18:03:48.938, 1 %, 36 %, 9116 MiB, 38, 13.71 W, 210 MHz, P8
2026/09/06 18:03:50.993, 5 %, 26 %, 9115 MiB, 38, 13.68 W, 210 MHz, P8
2026/09/06 18:03:53.045, 2 %, 24 %, 9116 MiB, 38, 13.57 W, 210 MHz, P8
2026/09/06 18:03:55.096, 1 %, 24 %, 9116 MiB, 38, 13.32 W, 210 MHz, P8
2026/09/06 18:03:57.159, 2 %, 11 %, 9116 MiB, 38, 13.23 W, 210 MHz, P8
2026/09/06 18:04:02.788, 2 %, 39 %, 9116 MiB, 38, 13.44 W, 210 MHz, P8
2026/09/06 18:04:04.841, 4 %, 20 %, 9116 MiB, 38, 13.58 W, 210 MHz, P8
2026/09/06 18:04:06.892, 1 %, 38 %, 9116 MiB, 38, 13.44 W, 210 MHz, P8
2026/09/06 18:04:08.948, 4 %, 27 %, 9104 MiB, 38, 13.64 W, 210 MHz, P8
2026/09/06 18:04:11.010, 2 %, 32 %, 9116 MiB, 38, 13.48 W, 210 MHz, P8
2026/09/06 18:04:13.067, 3 %, 34 %, 9116 MiB, 38, 13.55 W, 210 MHz, P8
2026/09/06 18:04:15.122, 5 %, 32 %, 9116 MiB, 38, 13.33 W, 210 MHz, P8
2026/09/06 18:04:17.174, 3 %, 40 %, 9115 MiB, 38, 13.18 W, 210 MHz, P8
2026/09/06 18:04:19.227, 2 %, 23 %, 9116 MiB, 38, 13.12 W, 210 MHz, P8
2026/09/06 18:04:21.282, 2 %, 43 %, 9116 MiB, 38, 13.61 W, 210 MHz, P8
2026/09/06 18:04:23.335, 2 %, 34 %, 9116 MiB, 38, 13.35 W, 210 MHz, P8
2026/09/06 18:04:25.389, 4 %, 47 %, 9116 MiB, 38, 13.31 W, 210 MHz, P8
2026/09/06 18:04:27.444, 3 %, 24 %, 9116 MiB, 38, 13.33 W, 210 MHz, P8
2026/09/06 18:04:29.501, 2 %, 25 %, 9116 MiB, 38, 13.18 W, 210 MHz, P8
2026/09/06 18:04:31.552, 4 %, 32 %, 9116 MiB, 38, 13.18 W, 210 MHz, P8
2026/09/06 18:04:33.606, 1 %, 40 %, 9116 MiB, 38, 13.43 W, 210 MHz, P8
2026/09/06 18:04:39.246, 7 %, 29 %, 9115 MiB, 38, 13.33 W, 210 MHz, P8
2026/09/06 18:04:41.299, 4 %, 44 %, 9116 MiB, 38, 12.85 W, 210 MHz, P8
2026/09/06 18:04:43.355, 1 %, 50 %, 9115 MiB, 38, 13.46 W, 210 MHz, P8
2026/09/06 18:04:45.407, 1 %, 27 %, 9117 MiB, 38, 13.20 W, 210 MHz, P8
2026/09/06 18:04:47.460, 1 %, 31 %, 9117 MiB, 38, 13.19 W, 210 MHz, P8
2026/09/06 18:04:49.515, 4 %, 24 %, 9116 MiB, 37, 12.98 W, 210 MHz, P8
2026/09/06 18:04:51.568, 1 %, 40 %, 9116 MiB, 37, 13.80 W, 210 MHz, P8
2026/09/06 18:04:53.632, 4 %, 24 %, 9116 MiB, 37, 13.06 W, 210 MHz, P8
2026/09/06 18:04:55.684, 2 %, 21 %, 9116 MiB, 37, 13.00 W, 210 MHz, P8
2026/09/06 18:04:57.731, 2 %, 36 %, 9115 MiB, 37, 13.32 W, 210 MHz, P8
2026/09/06 18:04:59.783, 4 %, 35 %, 9116 MiB, 37, 12.89 W, 210 MHz, P8
2026/09/06 18:05:01.836, 1 %, 31 %, 9115 MiB, 37, 12.92 W, 210 MHz, P8
2026/09/06 18:05:03.887, 1 %, 13 %, 9116 MiB, 37, 12.91 W, 210 MHz, P8
2026/09/06 18:05:05.941, 2 %, 32 %, 9116 MiB, 37, 13.48 W, 210 MHz, P8
2026/09/06 18:05:07.993, 1 %, 10 %, 9116 MiB, 37, 13.64 W, 210 MHz, P8
2026/09/06 18:05:13.644, 4 %, 38 %, 9116 MiB, 37, 13.15 W, 210 MHz, P8
2026/09/06 18:05:15.698, 6 %, 21 %, 9116 MiB, 37, 13.39 W, 210 MHz, P8
2026/09/06 18:05:17.752, 2 %, 28 %, 9116 MiB, 37, 13.22 W, 210 MHz, P8
2026/09/06 18:05:19.803, 1 %, 42 %, 9116 MiB, 37, 13.21 W, 210 MHz, P8
2026/09/06 18:05:21.855, 1 %, 22 %, 9116 MiB, 37, 13.68 W, 210 MHz, P8
2026/09/06 18:05:23.908, 5 %, 45 %, 9115 MiB, 37, 12.90 W, 210 MHz, P8
2026/09/06 18:05:25.959, 1 %, 8 %, 9116 MiB, 37, 12.60 W, 210 MHz, P8
2026/09/06 18:05:28.010, 3 %, 36 %, 9116 MiB, 37, 13.20 W, 210 MHz, P8
2026/09/06 18:05:30.061, 1 %, 25 %, 9116 MiB, 37, 12.88 W, 210 MHz, P8
2026/09/06 18:05:32.112, 1 %, 34 %, 9116 MiB, 37, 13.11 W, 210 MHz, P8
